something,version,open_issues,closed_issues,delta ,delta_ratio
2,1.0,14.0,33.0,19.0,40.42553191489361
3,1.3.2,150.0,420.0,270.0,47.368421052631575
4,1.4,87.0,408.0,321.0,64.84848484848484
5,2.0,5.0,10.0,5.0,33.33333333333333
6,2.0.1,133.0,457.0,324.0,54.91525423728814
7,2.1,129.0,516.0,387.0,60.0
8,2.2,67.0,999.0,932.0,87.4296435272045
9,2.3,5.0,20.0,15.0,60.0
10,2.4,939.0,3283.0,2344.0,55.51871151113217
11,2.5,64.0,918.0,854.0,86.9653767820774
12,2.6,64.0,548.0,484.0,79.08496732026144
